"","superkingdom","phylum","class","order","family","genus","species"
"species:Escherichia coli","Bacteria","Proteobacteria","Gammaproteobacteria","Enterobacterales","Enterobacteriaceae","Escherichia","Escherichia coli"
"species:Bifidobacterium bifidum","Bacteria","Actinobacteria","Actinomycetia","Bifidobacteriales","Bifidobacteriaceae","Bifidobacterium","Bifidobacterium bifidum"
"species:Bifidobacterium longum","Bacteria","Actinobacteria","Actinomycetia","Bifidobacteriales","Bifidobacteriaceae","Bifidobacterium","Bifidobacterium longum"
"species:Enterococcus faecalis","Bacteria","Firmicutes","Bacilli","Lactobacillales","Enterococcaceae","Enterococcus","Enterococcus faecalis"
"species:[Ruminococcus] gnavus","Bacteria","Firmicutes","Clostridia","Eubacteriales","Lachnospiraceae","Mediterraneibacter","[Ruminococcus] gnavus"
"species:Veillonella atypica","Bacteria","Firmicutes","Negativicutes","Veillonellales","Veillonellaceae","Veillonella","Veillonella atypica"
"species:Bifidobacterium breve","Bacteria","Actinobacteria","Actinomycetia","Bifidobacteriales","Bifidobacteriaceae","Bifidobacterium","Bifidobacterium breve"
"species:Klebsiella pneumoniae","Bacteria","Proteobacteria","Gammaproteobacteria","Enterobacterales","Enterobacteriaceae","Klebsiella","Klebsiella pneumoniae"
"species:Veillonella parvula","Bacteria","Firmicutes","Negativicutes","Veillonellales","Veillonellaceae","Veillonella","Veillonella parvula"
"species:Clostridium sp. MSTE9","Bacteria","Firmicutes","Clostridia","Eubacteriales","Clostridiaceae","Clostridium","Clostridium sp. MSTE9"
"species:Megasphaera micronuciformis","Bacteria","Firmicutes","Negativicutes","Veillonellales","Veillonellaceae","Megasphaera","Megasphaera micronuciformis"
"species:Streptococcus salivarius","Bacteria","Firmicutes","Bacilli","Lactobacillales","Streptococcaceae","Streptococcus","Streptococcus salivarius"
"species:Clostridioides difficile","Bacteria","Firmicutes","Clostridia","Eubacteriales","Peptostreptococcaceae","Clostridioides","Clostridioides difficile"
"species:Stenotrophomonas maltophilia","Bacteria","Proteobacteria","Gammaproteobacteria","Xanthomonadales","Xanthomonadaceae","Stenotrophomonas","Stenotrophomonas maltophilia"
"species:Enterococcus faecium","Bacteria","Firmicutes","Bacilli","Lactobacillales","Enterococcaceae","Enterococcus","Enterococcus faecium"
"species:Veillonella dispar","Bacteria","Firmicutes","Negativicutes","Veillonellales","Veillonellaceae","Veillonella","Veillonella dispar"
"species:Actinomyces sp. oral taxon 181","Bacteria","Actinobacteria","Actinomycetia","Actinomycetales","Actinomycetaceae","Actinomyces","Actinomyces sp. oral taxon 181"
"species:Clostridium paraputrificum","Bacteria","Firmicutes","Clostridia","Eubacteriales","Clostridiaceae","Clostridium","Clostridium paraputrificum"
"species:Klebsiella quasipneumoniae","Bacteria","Proteobacteria","Gammaproteobacteria","Enterobacterales","Enterobacteriaceae","Klebsiella","Klebsiella quasipneumoniae"
"species:Klebsiella variicola","Bacteria","Proteobacteria","Gammaproteobacteria","Enterobacterales","Enterobacteriaceae","Klebsiella","Klebsiella variicola"
"species:Clostridium perfringens","Bacteria","Firmicutes","Clostridia","Eubacteriales","Clostridiaceae","Clostridium","Clostridium perfringens"
"species:Streptococcus parasanguinis","Bacteria","Firmicutes","Bacilli","Lactobacillales","Streptococcaceae","Streptococcus","Streptococcus parasanguinis"
"species:Veillonella infantium","Bacteria","Firmicutes","Negativicutes","Veillonellales","Veillonellaceae","Veillonella","Veillonella infantium"
"species:Streptococcus vestibularis","Bacteria","Firmicutes","Bacilli","Lactobacillales","Streptococcaceae","Streptococcus","Streptococcus vestibularis"
"genus:Enterobacter","Bacteria","Proteobacteria","Gammaproteobacteria","Enterobacterales","Enterobacteriaceae","Enterobacter",NA
"species:Bifidobacterium pseudolongum","Bacteria","Actinobacteria","Actinomycetia","Bifidobacteriales","Bifidobacteriaceae","Bifidobacterium","Bifidobacterium pseudolongum"
"species:[Clostridium] leptum","Bacteria","Firmicutes","Clostridia","Eubacteriales","Oscillospiraceae",NA,"[Clostridium] leptum"
"species:Raoultella ornithinolytica","Bacteria","Proteobacteria","Gammaproteobacteria","Enterobacterales","Enterobacteriaceae","Raoultella","Raoultella ornithinolytica"
"species:Streptococcus mitis","Bacteria","Firmicutes","Bacilli","Lactobacillales","Streptococcaceae","Streptococcus","Streptococcus mitis"
"species:Rothia mucilaginosa","Bacteria","Actinobacteria","Actinomycetia","Micrococcales","Micrococcaceae","Rothia","Rothia mucilaginosa"
"species:Enterococcus avium","Bacteria","Firmicutes","Bacilli","Lactobacillales","Enterococcaceae","Enterococcus","Enterococcus avium"
"species:Lactobacillus paragasseri","Bacteria","Firmicutes","Bacilli","Lactobacillales","Lactobacillaceae","Lactobacillus","Lactobacillus paragasseri"
"species:Cutibacterium acnes","Bacteria","Actinobacteria","Actinomycetia","Propionibacteriales","Propionibacteriaceae","Cutibacterium","Cutibacterium acnes"
"species:Kluyvera cryocrescens","Bacteria","Proteobacteria","Gammaproteobacteria","Enterobacterales","Enterobacteriaceae","Kluyvera","Kluyvera cryocrescens"
"species:Veillonella sp. T11011-6","Bacteria","Firmicutes","Negativicutes","Veillonellales","Veillonellaceae","Veillonella","Veillonella sp. T11011-6"
"species:Lactobacillus gasseri","Bacteria","Firmicutes","Bacilli","Lactobacillales","Lactobacillaceae","Lactobacillus","Lactobacillus gasseri"
"species:Schaalia odontolytica","Bacteria","Actinobacteria","Actinomycetia","Actinomycetales","Actinomycetaceae","Schaalia","Schaalia odontolytica"
"species:Veillonella seminalis","Bacteria","Firmicutes","Negativicutes","Veillonellales","Veillonellaceae","Veillonella","Veillonella seminalis"
"species:Haemophilus parainfluenzae","Bacteria","Proteobacteria","Gammaproteobacteria","Pasteurellales","Pasteurellaceae","Haemophilus","Haemophilus parainfluenzae"
"species:Streptococcus infantis","Bacteria","Firmicutes","Bacilli","Lactobacillales","Streptococcaceae","Streptococcus","Streptococcus infantis"
"species:Haemophilus sp. HMSC71H05","Bacteria","Proteobacteria","Gammaproteobacteria","Pasteurellales","Pasteurellaceae","Haemophilus","Haemophilus sp. HMSC71H05"
"species:Erysipelatoclostridium ramosum","Bacteria","Firmicutes","Erysipelotrichia","Erysipelotrichales","Erysipelotrichaceae","Erysipelatoclostridium","Erysipelatoclostridium ramosum"
"species:Streptococcus peroris","Bacteria","Firmicutes","Bacilli","Lactobacillales","Streptococcaceae","Streptococcus","Streptococcus peroris"
"species:Parascardovia denticolens","Bacteria","Actinobacteria","Actinomycetia","Bifidobacteriales","Bifidobacteriaceae","Parascardovia","Parascardovia denticolens"
"species:Streptococcus oralis","Bacteria","Firmicutes","Bacilli","Lactobacillales","Streptococcaceae","Streptococcus","Streptococcus oralis"
"species:Fusobacterium periodonticum","Bacteria","Fusobacteria","Fusobacteriia","Fusobacteriales","Fusobacteriaceae","Fusobacterium","Fusobacterium periodonticum"
"species:Citrobacter freundii","Bacteria","Proteobacteria","Gammaproteobacteria","Enterobacterales","Enterobacteriaceae","Citrobacter","Citrobacter freundii"
"species:Citrobacter youngae","Bacteria","Proteobacteria","Gammaproteobacteria","Enterobacterales","Enterobacteriaceae","Citrobacter","Citrobacter youngae"
"species:Gemella haemolysans","Bacteria","Firmicutes","Bacilli","Bacillales",NA,"Gemella","Gemella haemolysans"
"species:Streptococcus sp. A12","Bacteria","Firmicutes","Bacilli","Lactobacillales","Streptococcaceae","Streptococcus","Streptococcus sp. A12"
"species:Citrobacter werkmanii","Bacteria","Proteobacteria","Gammaproteobacteria","Enterobacterales","Enterobacteriaceae","Citrobacter","Citrobacter werkmanii"
"species:Gemella sanguinis","Bacteria","Firmicutes","Bacilli","Bacillales",NA,"Gemella","Gemella sanguinis"
"species:Prevotella bivia","Bacteria","Bacteroidota","Bacteroidia","Bacteroidales","Prevotellaceae","Prevotella","Prevotella bivia"
"species:Aggregatibacter segnis","Bacteria","Proteobacteria","Gammaproteobacteria","Pasteurellales","Pasteurellaceae","Aggregatibacter","Aggregatibacter segnis"
"species:Streptococcus australis","Bacteria","Firmicutes","Bacilli","Lactobacillales","Streptococcaceae","Streptococcus","Streptococcus australis"
"species:Gemella morbillorum","Bacteria","Firmicutes","Bacilli","Bacillales",NA,"Gemella","Gemella morbillorum"
"species:Phocaeicola vulgatus","Bacteria","Bacteroidota","Bacteroidia","Bacteroidales","Bacteroidaceae","Phocaeicola","Phocaeicola vulgatus"
"species:Clostridium butyricum","Bacteria","Firmicutes","Clostridia","Eubacteriales","Clostridiaceae","Clostridium","Clostridium butyricum"
"species:Bifidobacterium pseudocatenulatum","Bacteria","Actinobacteria","Actinomycetia","Bifidobacteriales","Bifidobacteriaceae","Bifidobacterium","Bifidobacterium pseudocatenulatum"
"species:Pediococcus acidilactici","Bacteria","Firmicutes","Bacilli","Lactobacillales","Lactobacillaceae","Pediococcus","Pediococcus acidilactici"
"species:Lacticaseibacillus rhamnosus","Bacteria","Firmicutes","Bacilli","Lactobacillales","Lactobacillaceae","Lacticaseibacillus","Lacticaseibacillus rhamnosus"
"species:Klebsiella oxytoca","Bacteria","Proteobacteria","Gammaproteobacteria","Enterobacterales","Enterobacteriaceae","Klebsiella","Klebsiella oxytoca"
"species:Eggerthella lenta","Bacteria","Actinobacteria","Coriobacteriia","Eggerthellales","Eggerthellaceae","Eggerthella","Eggerthella lenta"
"species:Enterococcus casseliflavus","Bacteria","Firmicutes","Bacilli","Lactobacillales","Enterococcaceae","Enterococcus","Enterococcus casseliflavus"
"species:Clostridium neonatale","Bacteria","Firmicutes","Clostridia","Eubacteriales","Clostridiaceae","Clostridium","Clostridium neonatale"
"species:Gordonibacter pamelaeae","Bacteria","Actinobacteria","Coriobacteriia","Eggerthellales","Eggerthellaceae","Gordonibacter","Gordonibacter pamelaeae"
"species:Dickeya fangzhongdai","Bacteria","Proteobacteria","Gammaproteobacteria","Enterobacterales","Pectobacteriaceae","Dickeya","Dickeya fangzhongdai"
"species:Intestinibacter bartlettii","Bacteria","Firmicutes","Clostridia","Eubacteriales","Peptostreptococcaceae","Intestinibacter","Intestinibacter bartlettii"
"species:[Clostridium] spiroforme","Bacteria","Firmicutes","Erysipelotrichia","Erysipelotrichales","Erysipelotrichaceae","Erysipelatoclostridium","[Clostridium] spiroforme"
"species:Enterococcus gallinarum","Bacteria","Firmicutes","Bacilli","Lactobacillales","Enterococcaceae","Enterococcus","Enterococcus gallinarum"
"species:Aeriscardovia aeriphila","Bacteria","Actinobacteria","Actinomycetia","Bifidobacteriales","Bifidobacteriaceae","Aeriscardovia","Aeriscardovia aeriphila"
"species:Dickeya chrysanthemi","Bacteria","Proteobacteria","Gammaproteobacteria","Enterobacterales","Pectobacteriaceae","Dickeya","Dickeya chrysanthemi"
"species:Finegoldia magna","Bacteria","Firmicutes","Tissierellia","Tissierellales","Peptoniphilaceae","Finegoldia","Finegoldia magna"
"species:Enterococcus dispar","Bacteria","Firmicutes","Bacilli","Lactobacillales","Enterococcaceae","Enterococcus","Enterococcus dispar"
"species:Klebsiella michiganensis","Bacteria","Proteobacteria","Gammaproteobacteria","Enterobacterales","Enterobacteriaceae","Klebsiella","Klebsiella michiganensis"
"species:Cellulosilyticum lentocellum","Bacteria","Firmicutes","Clostridia","Eubacteriales","Lachnospiraceae","Cellulosilyticum","Cellulosilyticum lentocellum"
"species:Prevotella buccae","Bacteria","Bacteroidota","Bacteroidia","Bacteroidales","Prevotellaceae","Prevotella","Prevotella buccae"
"species:Adlercreutzia caecimuris","Bacteria","Actinobacteria","Coriobacteriia","Eggerthellales","Eggerthellaceae","Adlercreutzia","Adlercreutzia caecimuris"
"species:Actinomyces urogenitalis","Bacteria","Actinobacteria","Actinomycetia","Actinomycetales","Actinomycetaceae","Actinomyces","Actinomyces urogenitalis"
"species:Varibaculum cambriense","Bacteria","Actinobacteria","Actinomycetia","Actinomycetales","Actinomycetaceae","Varibaculum","Varibaculum cambriense"
"species:Corynebacterium accolens","Bacteria","Actinobacteria","Actinomycetia","Corynebacteriales","Corynebacteriaceae","Corynebacterium","Corynebacterium accolens"
"species:Raoultella planticola","Bacteria","Proteobacteria","Gammaproteobacteria","Enterobacterales","Enterobacteriaceae","Raoultella","Raoultella planticola"
"species:Corynebacterium pseudodiphtheriticum","Bacteria","Actinobacteria","Actinomycetia","Corynebacteriales","Corynebacteriaceae","Corynebacterium","Corynebacterium pseudodiphtheriticum"
"species:Streptococcus sp. HMSC071D03","Bacteria","Firmicutes","Bacilli","Lactobacillales","Streptococcaceae","Streptococcus","Streptococcus sp. HMSC071D03"
"species:Dolosigranulum pigrum","Bacteria","Firmicutes","Bacilli","Lactobacillales","Carnobacteriaceae","Dolosigranulum","Dolosigranulum pigrum"
"species:Corynebacterium pseudogenitalium","Bacteria","Actinobacteria","Actinomycetia","Corynebacteriales","Corynebacteriaceae","Corynebacterium","Corynebacterium pseudogenitalium"
"species:Alistipes finegoldii","Bacteria","Bacteroidota","Bacteroidia","Bacteroidales","Rikenellaceae","Alistipes","Alistipes finegoldii"
"species:Prevotella copri","Bacteria","Bacteroidota","Bacteroidia","Bacteroidales","Prevotellaceae","Prevotella","Prevotella copri"
"species:Alistipes putredinis","Bacteria","Bacteroidota","Bacteroidia","Bacteroidales","Rikenellaceae","Alistipes","Alistipes putredinis"
"species:Bacteroides uniformis","Bacteria","Bacteroidota","Bacteroidia","Bacteroidales","Bacteroidaceae","Bacteroides","Bacteroides uniformis"
"species:Phocaeicola dorei","Bacteria","Bacteroidota","Bacteroidia","Bacteroidales","Bacteroidaceae","Phocaeicola","Phocaeicola dorei"
"species:Parabacteroides merdae","Bacteria","Bacteroidota","Bacteroidia","Bacteroidales","Tannerellaceae","Parabacteroides","Parabacteroides merdae"
"species:Bacteroides intestinalis","Bacteria","Bacteroidota","Bacteroidia","Bacteroidales","Bacteroidaceae","Bacteroides","Bacteroides intestinalis"
"species:Phocaeicola plebeius","Bacteria","Bacteroidota","Bacteroidia","Bacteroidales","Bacteroidaceae","Phocaeicola","Phocaeicola plebeius"
"species:Eubacterium sp. CAG:251","Bacteria","Firmicutes","Clostridia","Eubacteriales","Eubacteriaceae","Eubacterium","Eubacterium sp. CAG:251"
"species:Bacteroides caccae","Bacteria","Bacteroidota","Bacteroidia","Bacteroidales","Bacteroidaceae","Bacteroides","Bacteroides caccae"
"species:Bacteroides clarus","Bacteria","Bacteroidota","Bacteroidia","Bacteroidales","Bacteroidaceae","Bacteroides","Bacteroides clarus"
"species:Ruminococcus bromii","Bacteria","Firmicutes","Clostridia","Eubacteriales","Oscillospiraceae","Ruminococcus","Ruminococcus bromii"
"species:Odoribacter splanchnicus","Bacteria","Bacteroidota","Bacteroidia","Bacteroidales","Odoribacteraceae","Odoribacter","Odoribacter splanchnicus"
"species:[Eubacterium] rectale","Bacteria","Firmicutes","Clostridia","Eubacteriales","Lachnospiraceae",NA,"[Eubacterium] rectale"
"species:Parasutterella excrementihominis","Bacteria","Proteobacteria","Betaproteobacteria","Burkholderiales","Sutterellaceae","Parasutterella","Parasutterella excrementihominis"
"species:Roseburia hominis","Bacteria","Firmicutes","Clostridia","Eubacteriales","Lachnospiraceae","Roseburia","Roseburia hominis"
"species:Bacteroides ovatus","Bacteria","Bacteroidota","Bacteroidia","Bacteroidales","Bacteroidaceae","Bacteroides","Bacteroides ovatus"
"species:Holdemanella biformis","Bacteria","Firmicutes","Erysipelotrichia","Erysipelotrichales","Erysipelotrichaceae","Holdemanella","Holdemanella biformis"
"species:Faecalibacterium prausnitzii","Bacteria","Firmicutes","Clostridia","Eubacteriales","Oscillospiraceae","Faecalibacterium","Faecalibacterium prausnitzii"
"species:Bacteroides salyersiae","Bacteria","Bacteroidota","Bacteroidia","Bacteroidales","Bacteroidaceae","Bacteroides","Bacteroides salyersiae"
"species:Akkermansia muciniphila","Bacteria","Verrucomicrobia","Verrucomicrobiae","Verrucomicrobiales","Akkermansiaceae","Akkermansia","Akkermansia muciniphila"
"species:Parabacteroides goldsteinii","Bacteria","Bacteroidota","Bacteroidia","Bacteroidales","Tannerellaceae","Parabacteroides","Parabacteroides goldsteinii"
"species:Eubacterium sp. CAG:38","Bacteria","Firmicutes","Clostridia","Eubacteriales","Eubacteriaceae","Eubacterium","Eubacterium sp. CAG:38"
"species:Alistipes inops","Bacteria","Bacteroidota","Bacteroidia","Bacteroidales","Rikenellaceae","Alistipes","Alistipes inops"
"species:Alistipes shahii","Bacteria","Bacteroidota","Bacteroidia","Bacteroidales","Rikenellaceae","Alistipes","Alistipes shahii"
"species:Bacteroides eggerthii","Bacteria","Bacteroidota","Bacteroidia","Bacteroidales","Bacteroidaceae","Bacteroides","Bacteroides eggerthii"
"species:Coprococcus eutactus","Bacteria","Firmicutes","Clostridia","Eubacteriales","Lachnospiraceae","Coprococcus","Coprococcus eutactus"
"species:Ruminococcus sp. CAG:488","Bacteria","Firmicutes","Clostridia","Eubacteriales","Oscillospiraceae","Ruminococcus","Ruminococcus sp. CAG:488"
"species:Dialister invisus","Bacteria","Firmicutes","Negativicutes","Veillonellales","Veillonellaceae","Dialister","Dialister invisus"
"species:Oscillibacter sp. 57_20","Bacteria","Firmicutes","Clostridia","Eubacteriales","Oscillospiraceae","Oscillibacter","Oscillibacter sp. 57_20"
"species:Coprobacter secundus","Bacteria","Bacteroidota","Bacteroidia","Bacteroidales","Barnesiellaceae","Coprobacter","Coprobacter secundus"
"species:Ruthenibacterium lactatiformans","Bacteria","Firmicutes","Clostridia","Eubacteriales","Oscillospiraceae","Ruthenibacterium","Ruthenibacterium lactatiformans"
"species:Roseburia intestinalis","Bacteria","Firmicutes","Clostridia","Eubacteriales","Lachnospiraceae","Roseburia","Roseburia intestinalis"
"species:Roseburia sp. CAG:182","Bacteria","Firmicutes","Clostridia","Eubacteriales","Lachnospiraceae","Roseburia","Roseburia sp. CAG:182"
"species:Firmicutes bacterium CAG:110","Bacteria","Firmicutes",NA,NA,NA,NA,"Firmicutes bacterium CAG:110"
"species:Lachnospira eligens","Bacteria","Firmicutes","Clostridia","Eubacteriales","Lachnospiraceae","Lachnospira","Lachnospira eligens"
"species:Firmicutes bacterium CAG:95","Bacteria","Firmicutes",NA,NA,NA,NA,"Firmicutes bacterium CAG:95"
"species:Streptococcus thermophilus","Bacteria","Firmicutes","Bacilli","Lactobacillales","Streptococcaceae","Streptococcus","Streptococcus thermophilus"
"species:Firmicutes bacterium CAG:534","Bacteria","Firmicutes",NA,NA,NA,NA,"Firmicutes bacterium CAG:534"
"species:Eubacterium ventriosum","Bacteria","Firmicutes","Clostridia","Eubacteriales","Eubacteriaceae","Eubacterium","Eubacterium ventriosum"
"species:Coprococcus comes","Bacteria","Firmicutes","Clostridia","Eubacteriales","Lachnospiraceae","Coprococcus","Coprococcus comes"
"species:Bifidobacterium adolescentis","Bacteria","Actinobacteria","Actinomycetia","Bifidobacteriales","Bifidobacteriaceae","Bifidobacterium","Bifidobacterium adolescentis"
"species:Oscillibacter sp. CAG:241","Bacteria","Firmicutes","Clostridia","Eubacteriales","Oscillospiraceae","Oscillibacter","Oscillibacter sp. CAG:241"
"species:Alistipes indistinctus","Bacteria","Bacteroidota","Bacteroidia","Bacteroidales","Rikenellaceae","Alistipes","Alistipes indistinctus"
"species:Turicimonas muris","Bacteria","Proteobacteria","Betaproteobacteria","Burkholderiales","Sutterellaceae","Turicimonas","Turicimonas muris"
"species:Bilophila wadsworthia","Bacteria","Proteobacteria","Deltaproteobacteria","Desulfovibrionales","Desulfovibrionaceae","Bilophila","Bilophila wadsworthia"
"species:Roseburia inulinivorans","Bacteria","Firmicutes","Clostridia","Eubacteriales","Lachnospiraceae","Roseburia","Roseburia inulinivorans"
"species:Proteobacteria bacterium CAG:139","Bacteria","Proteobacteria",NA,NA,NA,NA,"Proteobacteria bacterium CAG:139"
"species:Ruminococcus sp. CAG:624","Bacteria","Firmicutes","Clostridia","Eubacteriales","Oscillospiraceae","Ruminococcus","Ruminococcus sp. CAG:624"
"species:Fusicatenibacter saccharivorans","Bacteria","Firmicutes","Clostridia","Eubacteriales","Lachnospiraceae","Fusicatenibacter","Fusicatenibacter saccharivorans"
"species:Gemmiger formicilis","Bacteria","Firmicutes","Clostridia","Eubacteriales",NA,"Gemmiger","Gemmiger formicilis"
"species:Lawsonibacter asaccharolyticus","Bacteria","Firmicutes","Clostridia","Eubacteriales","Oscillospiraceae","Lawsonibacter","Lawsonibacter asaccharolyticus"
"species:Ruminococcaceae bacterium D5","Bacteria","Firmicutes","Clostridia","Eubacteriales","Oscillospiraceae",NA,"Ruminococcaceae bacterium D5"
"species:Clostridium sp. CAG:58","Bacteria","Firmicutes","Clostridia","Eubacteriales","Clostridiaceae","Clostridium","Clostridium sp. CAG:58"
"species:Dorea longicatena","Bacteria","Firmicutes","Clostridia","Eubacteriales","Lachnospiraceae","Dorea","Dorea longicatena"
"species:Clostridium sp. CAG:167","Bacteria","Firmicutes","Clostridia","Eubacteriales","Clostridiaceae","Clostridium","Clostridium sp. CAG:167"
"species:Blautia obeum","Bacteria","Firmicutes","Clostridia","Eubacteriales","Lachnospiraceae","Blautia","Blautia obeum"
"species:Methanobrevibacter smithii","Archaea","Euryarchaeota","Methanobacteria","Methanobacteriales","Methanobacteriaceae","Methanobrevibacter","Methanobrevibacter smithii"
"species:Anaeromassilibacillus sp. An250","Bacteria","Firmicutes","Clostridia","Eubacteriales","Oscillospiraceae","Anaeromassilibacillus","Anaeromassilibacillus sp. An250"
"species:Intestinimonas butyriciproducens","Bacteria","Firmicutes","Clostridia","Eubacteriales",NA,"Intestinimonas","Intestinimonas butyriciproducens"
"species:Ruminococcus sp. CAG:403","Bacteria","Firmicutes","Clostridia","Eubacteriales","Oscillospiraceae","Ruminococcus","Ruminococcus sp. CAG:403"
"species:Bacteroides xylanisolvens","Bacteria","Bacteroidota","Bacteroidia","Bacteroidales","Bacteroidaceae","Bacteroides","Bacteroides xylanisolvens"
"species:Alistipes timonensis","Bacteria","Bacteroidota","Bacteroidia","Bacteroidales","Rikenellaceae","Alistipes","Alistipes timonensis"
"species:Oxalobacter formigenes","Bacteria","Proteobacteria","Betaproteobacteria","Burkholderiales","Oxalobacteraceae","Oxalobacter","Oxalobacter formigenes"
"species:Adlercreutzia equolifaciens","Bacteria","Actinobacteria","Coriobacteriia","Eggerthellales","Eggerthellaceae","Adlercreutzia","Adlercreutzia equolifaciens"
"species:Adlercreutzia equolifaciens_1","Bacteria","Actinobacteria","Coriobacteriia","Eggerthellales","Eggerthellaceae","Adlercreutzia","Adlercreutzia equolifaciens"
"species:[Eubacterium] siraeum","Bacteria","Firmicutes","Clostridia","Eubacteriales","Oscillospiraceae",NA,"[Eubacterium] siraeum"
"species:Butyricimonas virosa","Bacteria","Bacteroidota","Bacteroidia","Bacteroidales","Odoribacteraceae","Butyricimonas","Butyricimonas virosa"
"species:Blautia wexlerae","Bacteria","Firmicutes","Clostridia","Eubacteriales","Lachnospiraceae","Blautia","Blautia wexlerae"
"species:Anaerostipes hadrus","Bacteria","Firmicutes","Clostridia","Eubacteriales","Lachnospiraceae","Anaerostipes","Anaerostipes hadrus"
"species:Anaerobutyricum hallii","Bacteria","Firmicutes","Clostridia","Eubacteriales","Lachnospiraceae","Anaerobutyricum","Anaerobutyricum hallii"
"species:Ruminococcus bicirculans","Bacteria","Firmicutes","Clostridia","Eubacteriales","Oscillospiraceae","Ruminococcus","Ruminococcus bicirculans"
"species:Eubacterium ramulus","Bacteria","Firmicutes","Clostridia","Eubacteriales","Eubacteriaceae","Eubacterium","Eubacterium ramulus"
"species:Collinsella aerofaciens","Bacteria","Actinobacteria","Coriobacteriia","Coriobacteriales","Coriobacteriaceae","Collinsella","Collinsella aerofaciens"
"species:Eubacterium sp. CAG:180","Bacteria","Firmicutes","Clostridia","Eubacteriales","Eubacteriaceae","Eubacterium","Eubacterium sp. CAG:180"
"species:Bifidobacterium angulatum","Bacteria","Actinobacteria","Actinomycetia","Bifidobacteriales","Bifidobacteriaceae","Bifidobacterium","Bifidobacterium angulatum"
"species:Sellimonas intestinalis","Bacteria","Firmicutes","Clostridia","Eubacteriales","Lachnospiraceae","Sellimonas","Sellimonas intestinalis"
"species:Actinomyces naeslundii","Bacteria","Actinobacteria","Actinomycetia","Actinomycetales","Actinomycetaceae","Actinomyces","Actinomyces naeslundii"
"species:Flavonifractor plautii","Bacteria","Firmicutes","Clostridia","Eubacteriales","Oscillospiraceae","Flavonifractor","Flavonifractor plautii"
"species:Actinomyces oris","Bacteria","Actinobacteria","Actinomycetia","Actinomycetales","Actinomycetaceae","Actinomyces","Actinomyces oris"
"species:Bifidobacterium catenulatum","Bacteria","Actinobacteria","Actinomycetia","Bifidobacteriales","Bifidobacteriaceae","Bifidobacterium","Bifidobacterium catenulatum"
"species:Enorma massiliensis","Bacteria","Actinobacteria","Coriobacteriia","Coriobacteriales","Coriobacteriaceae","Enorma","Enorma massiliensis"
"species:Collinsella intestinalis","Bacteria","Actinobacteria","Coriobacteriia","Coriobacteriales","Coriobacteriaceae","Collinsella","Collinsella intestinalis"
"species:[Clostridium] symbiosum","Bacteria","Firmicutes","Clostridia","Eubacteriales","Lachnospiraceae","Lachnoclostridium","[Clostridium] symbiosum"
"species:Phascolarctobacterium succinatutens","Bacteria","Firmicutes","Negativicutes","Acidaminococcales","Acidaminococcaceae","Phascolarctobacterium","Phascolarctobacterium succinatutens"
"species:Acidaminococcus intestini","Bacteria","Firmicutes","Negativicutes","Acidaminococcales","Acidaminococcaceae","Acidaminococcus","Acidaminococcus intestini"
"species:Bacteroides stercoris","Bacteria","Bacteroidota","Bacteroidia","Bacteroidales","Bacteroidaceae","Bacteroides","Bacteroides stercoris"
"species:Roseburia faecis","Bacteria","Firmicutes","Clostridia","Eubacteriales","Lachnospiraceae","Roseburia","Roseburia faecis"
"species:Barnesiella intestinihominis","Bacteria","Bacteroidota","Bacteroidia","Bacteroidales","Barnesiellaceae","Barnesiella","Barnesiella intestinihominis"
"species:Bacteroides finegoldii","Bacteria","Bacteroidota","Bacteroidia","Bacteroidales","Bacteroidaceae","Bacteroides","Bacteroides finegoldii"
"species:Parabacteroides distasonis","Bacteria","Bacteroidota","Bacteroidia","Bacteroidales","Tannerellaceae","Parabacteroides","Parabacteroides distasonis"
"species:Paraprevotella xylaniphila","Bacteria","Bacteroidota","Bacteroidia","Bacteroidales","Prevotellaceae","Paraprevotella","Paraprevotella xylaniphila"
"species:Bacteroides thetaiotaomicron","Bacteria","Bacteroidota","Bacteroidia","Bacteroidales","Bacteroidaceae","Bacteroides","Bacteroides thetaiotaomicron"
"species:Phocaeicola massiliensis","Bacteria","Bacteroidota","Bacteroidia","Bacteroidales","Bacteroidaceae","Phocaeicola","Phocaeicola massiliensis"
"species:Blastocystis sp. subtype 1","Eukaryota",NA,"Bigyra","Opalinata","Blastocystidae","Blastocystis","Blastocystis sp. subtype 1"
"species:[Ruminococcus] torques","Bacteria","Firmicutes","Clostridia","Eubacteriales","Lachnospiraceae","Mediterraneibacter","[Ruminococcus] torques"
"species:Agathobaculum butyriciproducens","Bacteria","Firmicutes","Clostridia","Eubacteriales","Oscillospiraceae","Agathobaculum","Agathobaculum butyriciproducens"
"species:Butyricimonas synergistica","Bacteria","Bacteroidota","Bacteroidia","Bacteroidales","Odoribacteraceae","Butyricimonas","Butyricimonas synergistica"
"species:Paraprevotella clara","Bacteria","Bacteroidota","Bacteroidia","Bacteroidales","Prevotellaceae","Paraprevotella","Paraprevotella clara"
"species:Dorea formicigenerans","Bacteria","Firmicutes","Clostridia","Eubacteriales","Lachnospiraceae","Dorea","Dorea formicigenerans"
"species:Lachnospira pectinoschiza","Bacteria","Firmicutes","Clostridia","Eubacteriales","Lachnospiraceae","Lachnospira","Lachnospira pectinoschiza"
"species:Prevotella sp. CAG:1185","Bacteria","Bacteroidota","Bacteroidia","Bacteroidales","Prevotellaceae","Prevotella","Prevotella sp. CAG:1185"
"species:Bacteroides sp. CAG:144","Bacteria","Bacteroidota","Bacteroidia","Bacteroidales","Bacteroidaceae","Bacteroides","Bacteroides sp. CAG:144"
"species:Alistipes onderdonkii","Bacteria","Bacteroidota","Bacteroidia","Bacteroidales","Rikenellaceae","Alistipes","Alistipes onderdonkii"
"species:Coprobacter fastidiosus","Bacteria","Bacteroidota","Bacteroidia","Bacteroidales","Barnesiellaceae","Coprobacter","Coprobacter fastidiosus"
"species:Victivallis vadensis","Bacteria","Lentisphaerae","Lentisphaeria","Victivallales","Victivallaceae","Victivallis","Victivallis vadensis"
"species:Phascolarctobacterium faecium","Bacteria","Firmicutes","Negativicutes","Acidaminococcales","Acidaminococcaceae","Phascolarctobacterium","Phascolarctobacterium faecium"
"species:Clostridium sp. CAG:413","Bacteria","Firmicutes","Clostridia","Eubacteriales","Clostridiaceae","Clostridium","Clostridium sp. CAG:413"
"species:Phocaeicola coprocola","Bacteria","Bacteroidota","Bacteroidia","Bacteroidales","Bacteroidaceae","Phocaeicola","Phocaeicola coprocola"
"species:Firmicutes bacterium CAG:238","Bacteria","Firmicutes",NA,NA,NA,NA,"Firmicutes bacterium CAG:238"
"species:Bacteroides fragilis","Bacteria","Bacteroidota","Bacteroidia","Bacteroidales","Bacteroidaceae","Bacteroides","Bacteroides fragilis"
"species:Phascolarctobacterium sp. CAG:266","Bacteria","Firmicutes","Negativicutes","Acidaminococcales","Acidaminococcaceae","Phascolarctobacterium","Phascolarctobacterium sp. CAG:266"
"species:Desulfovibrio piger","Bacteria","Proteobacteria","Deltaproteobacteria","Desulfovibrionales","Desulfovibrionaceae","Desulfovibrio","Desulfovibrio piger"
"species:Monoglobus pectinilyticus","Bacteria","Firmicutes","Clostridia","Eubacteriales","Oscillospiraceae","Monoglobus","Monoglobus pectinilyticus"
"species:Firmicutes bacterium CAG:170","Bacteria","Firmicutes",NA,NA,NA,NA,"Firmicutes bacterium CAG:170"
"species:Allisonella histaminiformans","Bacteria","Firmicutes","Negativicutes","Veillonellales","Veillonellaceae","Allisonella","Allisonella histaminiformans"
"species:Lactobacillus rogosae","Bacteria","Firmicutes","Bacilli","Lactobacillales","Lactobacillaceae","Lactobacillus","Lactobacillus rogosae"
"species:Roseburia sp. CAG:309","Bacteria","Firmicutes","Clostridia","Eubacteriales","Lachnospiraceae","Roseburia","Roseburia sp. CAG:309"
"species:Firmicutes bacterium CAG:83","Bacteria","Firmicutes",NA,NA,NA,NA,"Firmicutes bacterium CAG:83"
"species:Bacteroides cellulosilyticus","Bacteria","Bacteroidota","Bacteroidia","Bacteroidales","Bacteroidaceae","Bacteroides","Bacteroides cellulosilyticus"
"species:Sanguibacteroides justesenii","Bacteria","Bacteroidota","Bacteroidia","Bacteroidales","Porphyromonadaceae","Sanguibacteroides","Sanguibacteroides justesenii"
"species:Desulfovibrionaceae bacterium","Bacteria","Proteobacteria","Deltaproteobacteria","Desulfovibrionales","Desulfovibrionaceae",NA,"Desulfovibrionaceae bacterium"
"species:Coprococcus catus","Bacteria","Firmicutes","Clostridia","Eubacteriales","Lachnospiraceae","Coprococcus","Coprococcus catus"
"species:Pseudoflavonifractor sp. An184","Bacteria","Firmicutes","Clostridia","Eubacteriales","Oscillospiraceae","Pseudoflavonifractor","Pseudoflavonifractor sp. An184"
"species:Prevotella sp. CAG:5226","Bacteria","Bacteroidota","Bacteroidia","Bacteroidales","Prevotellaceae","Prevotella","Prevotella sp. CAG:5226"
"species:Prevotella timonensis","Bacteria","Bacteroidota","Bacteroidia","Bacteroidales","Prevotellaceae","Prevotella","Prevotella timonensis"
"species:Campylobacter hominis","Bacteria","Proteobacteria","Epsilonproteobacteria","Campylobacterales","Campylobacteraceae","Campylobacter","Campylobacter hominis"
"species:Enterocloster citroniae","Bacteria","Firmicutes","Clostridia","Eubacteriales","Lachnospiraceae","Enterocloster","Enterocloster citroniae"
"species:Eisenbergiella tayi","Bacteria","Firmicutes","Clostridia","Eubacteriales","Lachnospiraceae","Eisenbergiella","Eisenbergiella tayi"
"species:Latilactobacillus curvatus","Bacteria","Firmicutes","Bacilli","Lactobacillales","Lactobacillaceae","Latilactobacillus","Latilactobacillus curvatus"
"species:Enterocloster asparagiformis","Bacteria","Firmicutes","Clostridia","Eubacteriales","Lachnospiraceae","Enterocloster","Enterocloster asparagiformis"
"species:Parvimonas micra","Bacteria","Firmicutes","Tissierellia","Tissierellales","Peptoniphilaceae","Parvimonas","Parvimonas micra"
"species:Porphyromonas asaccharolytica","Bacteria","Bacteroidota","Bacteroidia","Bacteroidales","Porphyromonadaceae","Porphyromonas","Porphyromonas asaccharolytica"
"species:Coprobacillus cateniformis","Bacteria","Firmicutes","Erysipelotrichia","Erysipelotrichales","Coprobacillaceae","Coprobacillus","Coprobacillus cateniformis"
"species:Prevotella buccalis","Bacteria","Bacteroidota","Bacteroidia","Bacteroidales","Prevotellaceae","Prevotella","Prevotella buccalis"
"species:Bacteroides nordii","Bacteria","Bacteroidota","Bacteroidia","Bacteroidales","Bacteroidaceae","Bacteroides","Bacteroides nordii"
"species:Enterocloster bolteae","Bacteria","Firmicutes","Clostridia","Eubacteriales","Lachnospiraceae","Enterocloster","Enterocloster bolteae"
"species:Streptococcus milleri","Bacteria","Firmicutes","Bacilli","Lactobacillales","Streptococcaceae","Streptococcus","Streptococcus milleri"
"species:Bacteroides faecis","Bacteria","Bacteroidota","Bacteroidia","Bacteroidales","Bacteroidaceae","Bacteroides","Bacteroides faecis"
"species:Bacteroides faecis CAG:32","Bacteria","Bacteroidota","Bacteroidia","Bacteroidales","Bacteroidaceae","Bacteroides","Bacteroides faecis CAG:32"
"species:Escherichia marmotae","Bacteria","Proteobacteria","Gammaproteobacteria","Enterobacterales","Enterobacteriaceae","Escherichia","Escherichia marmotae"
"species:Megamonas funiformis","Bacteria","Firmicutes","Negativicutes","Selenomonadales","Selenomonadaceae","Megamonas","Megamonas funiformis"
"species:Megamonas hypermegale","Bacteria","Firmicutes","Negativicutes","Selenomonadales","Selenomonadaceae","Megamonas","Megamonas hypermegale"
"species:Lactobacillus johnsonii","Bacteria","Firmicutes","Bacilli","Lactobacillales","Lactobacillaceae","Lactobacillus","Lactobacillus johnsonii"
"species:Megasphaera stantonii","Bacteria","Firmicutes","Negativicutes","Veillonellales","Veillonellaceae","Megasphaera","Megasphaera stantonii"
"species:Firmicutes bacterium CAG:145","Bacteria","Firmicutes",NA,NA,NA,NA,"Firmicutes bacterium CAG:145"
"species:Schaalia turicensis","Bacteria","Actinobacteria","Actinomycetia","Actinomycetales","Actinomycetaceae","Schaalia","Schaalia turicensis"
"species:[Clostridium] innocuum","Bacteria","Firmicutes","Erysipelotrichia","Erysipelotrichales","Erysipelotrichaceae","Erysipelatoclostridium","[Clostridium] innocuum"
"species:Prevotella corporis","Bacteria","Bacteroidota","Bacteroidia","Bacteroidales","Prevotellaceae","Prevotella","Prevotella corporis"
"species:Prevotella disiens","Bacteria","Bacteroidota","Bacteroidia","Bacteroidales","Prevotellaceae","Prevotella","Prevotella disiens"
"species:Fannyhessea vaginae","Bacteria","Actinobacteria","Actinomycetia","Actinomycetales","Actinomycetaceae","Fannyhessea","Fannyhessea vaginae"
"species:Cloacibacillus porcorum","Bacteria","Synergistetes","Synergistia","Synergistales","Synergistaceae","Cloacibacillus","Cloacibacillus porcorum"
"species:Lactobacillus delbrueckii","Bacteria","Firmicutes","Bacilli","Lactobacillales","Lactobacillaceae","Lactobacillus","Lactobacillus delbrueckii"
"species:Facklamia hominis","Bacteria","Firmicutes","Bacilli","Lactobacillales","Aerococcaceae","Facklamia","Facklamia hominis"
"species:Christensenella minuta","Bacteria","Firmicutes","Clostridia","Eubacteriales","Christensenellaceae","Christensenella","Christensenella minuta"
"species:Slackia isoflavoniconvertens","Bacteria","Actinobacteria","Coriobacteriia","Eggerthellales","Eggerthellaceae","Slackia","Slackia isoflavoniconvertens"
"species:Eubacterium limosum","Bacteria","Firmicutes","Clostridia","Eubacteriales","Eubacteriaceae","Eubacterium","Eubacterium limosum"
"species:Staphylococcus epidermidis","Bacteria","Firmicutes","Bacilli","Bacillales","Staphylococcaceae","Staphylococcus","Staphylococcus epidermidis"
"species:Lachnoclostridium sp. An138","Bacteria","Firmicutes","Clostridia","Eubacteriales","Lachnospiraceae","Lachnoclostridium","Lachnoclostridium sp. An138"
"species:Butyrivibrio crossotus","Bacteria","Firmicutes","Clostridia","Eubacteriales","Lachnospiraceae","Butyrivibrio","Butyrivibrio crossotus"
"species:Bifidobacterium animalis","Bacteria","Actinobacteria","Actinomycetia","Bifidobacteriales","Bifidobacteriaceae","Bifidobacterium","Bifidobacterium animalis"
"species:Eubacterium sp. OM08-24","Bacteria","Firmicutes","Clostridia","Eubacteriales","Eubacteriaceae","Eubacterium","Eubacterium sp. OM08-24"
"species:Enterocloster lavalensis","Bacteria","Firmicutes","Clostridia","Eubacteriales","Lachnospiraceae","Enterocloster","Enterocloster lavalensis"
"species:Leuconostoc mesenteroides","Bacteria","Firmicutes","Bacilli","Lactobacillales","Lactobacillaceae","Leuconostoc","Leuconostoc mesenteroides"
"species:Methanosphaera stadtmanae","Archaea","Euryarchaeota","Methanobacteria","Methanobacteriales","Methanobacteriaceae","Methanosphaera","Methanosphaera stadtmanae"
"species:Lactococcus lactis","Bacteria","Firmicutes","Bacilli","Lactobacillales","Streptococcaceae","Lactococcus","Lactococcus lactis"
"species:Bifidobacterium mongoliense","Bacteria","Actinobacteria","Actinomycetia","Bifidobacteriales","Bifidobacteriaceae","Bifidobacterium","Bifidobacterium mongoliense"
"species:Roseburia sp. CAG:471","Bacteria","Firmicutes","Clostridia","Eubacteriales","Lachnospiraceae","Roseburia","Roseburia sp. CAG:471"
"species:Actinomyces sp. ICM47","Bacteria","Actinobacteria","Actinomycetia","Actinomycetales","Actinomycetaceae","Actinomyces","Actinomyces sp. ICM47"
"species:Limosilactobacillus antri","Bacteria","Firmicutes","Bacilli","Lactobacillales","Lactobacillaceae","Limosilactobacillus","Limosilactobacillus antri"
"species:Hungatella hathewayi","Bacteria","Firmicutes","Clostridia","Eubacteriales","Clostridiaceae","Hungatella","Hungatella hathewayi"
"species:Ruminococcus sp. CAG:330","Bacteria","Firmicutes","Clostridia","Eubacteriales","Oscillospiraceae","Ruminococcus","Ruminococcus sp. CAG:330"
"species:Anaeroglobus geminatus","Bacteria","Firmicutes","Negativicutes","Veillonellales","Veillonellaceae","Anaeroglobus","Anaeroglobus geminatus"
"species:Hafnia paralvei","Bacteria","Proteobacteria","Gammaproteobacteria","Enterobacterales","Hafniaceae","Hafnia","Hafnia paralvei"
"species:Lactobacillus melliventris","Bacteria","Firmicutes","Bacilli","Lactobacillales","Lactobacillaceae","Lactobacillus","Lactobacillus melliventris"
"species:Lactobacillus helsingborgensis","Bacteria","Firmicutes","Bacilli","Lactobacillales","Lactobacillaceae","Lactobacillus","Lactobacillus helsingborgensis"
"species:Tyzzerella nexilis","Bacteria","Firmicutes","Clostridia","Eubacteriales","Lachnospiraceae","Tyzzerella","Tyzzerella nexilis"
"species:Bifidobacterium dentium","Bacteria","Actinobacteria","Actinomycetia","Bifidobacteriales","Bifidobacteriaceae","Bifidobacterium","Bifidobacterium dentium"
"species:[Ruminococcus] lactaris","Bacteria","Firmicutes","Clostridia","Eubacteriales","Lachnospiraceae","Mediterraneibacter","[Ruminococcus] lactaris"
"species:Ruminococcus callidus","Bacteria","Firmicutes","Clostridia","Eubacteriales","Oscillospiraceae","Ruminococcus","Ruminococcus callidus"
"species:Turicibacter sanguinis","Bacteria","Firmicutes","Erysipelotrichia","Erysipelotrichales","Turicibacteraceae","Turicibacter","Turicibacter sanguinis"
"species:Bacteroides galacturonicus","Bacteria","Bacteroidota","Bacteroidia","Bacteroidales","Bacteroidaceae","Bacteroides","Bacteroides galacturonicus"
"species:Holdemania filiformis","Bacteria","Firmicutes","Erysipelotrichia","Erysipelotrichales","Erysipelotrichaceae","Holdemania","Holdemania filiformis"
"species:Corynebacterium kroppenstedtii","Bacteria","Actinobacteria","Actinomycetia","Corynebacteriales","Corynebacteriaceae","Corynebacterium","Corynebacterium kroppenstedtii"
"species:Bifidobacterium actinocoloniiforme","Bacteria","Actinobacteria","Actinomycetia","Bifidobacteriales","Bifidobacteriaceae","Bifidobacterium","Bifidobacterium actinocoloniiforme"
"species:Bifidobacterium bohemicum","Bacteria","Actinobacteria","Actinomycetia","Bifidobacteriales","Bifidobacteriaceae","Bifidobacterium","Bifidobacterium bohemicum"
"species:Streptococcus salivarius CAG:79","Bacteria","Firmicutes","Bacilli","Lactobacillales","Streptococcaceae","Streptococcus","Streptococcus salivarius CAG:79"
"species:Streptococcus sp. M334","Bacteria","Firmicutes","Bacilli","Lactobacillales","Streptococcaceae","Streptococcus","Streptococcus sp. M334"
"species:Rothia dentocariosa","Bacteria","Actinobacteria","Actinomycetia","Micrococcales","Micrococcaceae","Rothia","Rothia dentocariosa"
"species:Neisseria cinerea","Bacteria","Proteobacteria","Betaproteobacteria","Neisseriales","Neisseriaceae","Neisseria","Neisseria cinerea"
"species:Streptococcus sanguinis","Bacteria","Firmicutes","Bacilli","Lactobacillales","Streptococcaceae","Streptococcus","Streptococcus sanguinis"
"species:Haemophilus haemolyticus","Bacteria","Proteobacteria","Gammaproteobacteria","Pasteurellales","Pasteurellaceae","Haemophilus","Haemophilus haemolyticus"
"species:Haemophilus parahaemolyticus","Bacteria","Proteobacteria","Gammaproteobacteria","Pasteurellales","Pasteurellaceae","Haemophilus","Haemophilus parahaemolyticus"
"species:Streptococcus pseudopneumoniae","Bacteria","Firmicutes","Bacilli","Lactobacillales","Streptococcaceae","Streptococcus","Streptococcus pseudopneumoniae"
"species:Corynebacterium durum","Bacteria","Actinobacteria","Actinomycetia","Corynebacteriales","Corynebacteriaceae","Corynebacterium","Corynebacterium durum"
"species:Neisseria sicca","Bacteria","Proteobacteria","Betaproteobacteria","Neisseriales","Neisseriaceae","Neisseria","Neisseria sicca"
"species:Haemophilus paraphrohaemolyticus","Bacteria","Proteobacteria","Gammaproteobacteria","Pasteurellales","Pasteurellaceae","Haemophilus","Haemophilus paraphrohaemolyticus"
"species:Rothia aeria","Bacteria","Actinobacteria","Actinomycetia","Micrococcales","Micrococcaceae","Rothia","Rothia aeria"
"species:Haemophilus influenzae","Bacteria","Proteobacteria","Gammaproteobacteria","Pasteurellales","Pasteurellaceae","Haemophilus","Haemophilus influenzae"
"species:Moraxella nonliquefaciens","Bacteria","Proteobacteria","Gammaproteobacteria","Moraxellales","Moraxellaceae","Moraxella","Moraxella nonliquefaciens"
"species:Neisseria gonorrhoeae","Bacteria","Proteobacteria","Betaproteobacteria","Neisseriales","Neisseriaceae","Neisseria","Neisseria gonorrhoeae"
"species:Kingella kingae","Bacteria","Proteobacteria","Betaproteobacteria","Neisseriales","Neisseriaceae","Kingella","Kingella kingae"
"species:Corynebacterium matruchotii","Bacteria","Actinobacteria","Actinomycetia","Corynebacteriales","Corynebacteriaceae","Corynebacterium","Corynebacterium matruchotii"
"species:Streptococcus cristatus","Bacteria","Firmicutes","Bacilli","Lactobacillales","Streptococcaceae","Streptococcus","Streptococcus cristatus"
"species:Neisseria mucosa","Bacteria","Proteobacteria","Betaproteobacteria","Neisseriales","Neisseriaceae","Neisseria","Neisseria mucosa"
"species:Veillonella rogosae","Bacteria","Firmicutes","Negativicutes","Veillonellales","Veillonellaceae","Veillonella","Veillonella rogosae"
"species:Moraxella lincolnii","Bacteria","Proteobacteria","Gammaproteobacteria","Moraxellales","Moraxellaceae","Moraxella","Moraxella lincolnii"
"species:Streptococcus sp. oral taxon 056","Bacteria","Firmicutes","Bacilli","Lactobacillales","Streptococcaceae","Streptococcus","Streptococcus sp. oral taxon 056"
"species:Abiotrophia defectiva","Bacteria","Firmicutes","Bacilli","Lactobacillales","Aerococcaceae","Abiotrophia","Abiotrophia defectiva"
"species:Capnocytophaga sputigena","Bacteria","Bacteroidota","Flavobacteriia","Flavobacteriales","Flavobacteriaceae","Capnocytophaga","Capnocytophaga sputigena"
"species:Streptococcus gordonii","Bacteria","Firmicutes","Bacilli","Lactobacillales","Streptococcaceae","Streptococcus","Streptococcus gordonii"
"species:Abiotrophia sp. HMSC24B09","Bacteria","Firmicutes","Bacilli","Lactobacillales","Aerococcaceae","Abiotrophia","Abiotrophia sp. HMSC24B09"
